date,target_date,close,target_close,predicted_close,baseline_close,interval_low,interval_high,absolute_error
2025-05-07 00:00:00+00:00,2025-05-08 00:00:00+00:00,97058.32,103253.49,97101.7602328856,97058.32,94128.58166528541,100074.93880048579,6151.729767114404
2025-05-08 00:00:00+00:00,2025-05-09 00:00:00+00:00,103253.49,102986.96,103541.57757237092,103253.49,100568.39900477073,106514.75613997111,554.6175723709166
2025-05-09 00:00:00+00:00,2025-05-10 00:00:00+00:00,102986.96,104821.19,103215.60483525325,102986.96,100242.42626765306,106188.78340285344,1605.5851647467498
2025-05-10 00:00:00+00:00,2025-05-11 00:00:00+00:00,104821.19,104137.62,105213.17773952078,104821.19,102239.99917192059,108186.35630712096,1075.5577395207802
2025-05-11 00:00:00+00:00,2025-05-12 00:00:00+00:00,104137.62,102800.21,104166.70835228488,104137.62,101193.5297846847,107139.88691988507,1366.498352284878
2025-05-12 00:00:00+00:00,2025-05-13 00:00:00+00:00,102800.21,104131.06,102516.13799277802,102800.21,99542.95942517783,105489.31656037821,1614.922007221976
2025-05-13 00:00:00+00:00,2025-05-14 00:00:00+00:00,104131.06,103545.38,104057.49409398691,104131.06,101084.31552638672,107030.6726615871,512.1140939869074
2025-05-14 00:00:00+00:00,2025-05-15 00:00:00+00:00,103545.38,103786.43,103709.82879417398,103545.38,100736.6502265738,106683.00736177417,76.60120582600939
2025-05-15 00:00:00+00:00,2025-05-16 00:00:00+00:00,103786.43,103500.03,103600.6893577947,103786.43,100627.51079019452,106573.8679253949,100.65935779470601
2025-05-16 00:00:00+00:00,2025-05-17 00:00:00+00:00,103500.03,103161.07,103492.50548603645,103500.03,100519.32691843626,106465.68405363664,331.4354860364401
2025-05-17 00:00:00+00:00,2025-05-18 00:00:00+00:00,103161.07,106473.46,103193.48660804967,103161.07,100220.30804044948,106166.66517564986,3279.973391950334
2025-05-18 00:00:00+00:00,2025-05-19 00:00:00+00:00,106473.46,105616.18,106373.49175878399,106473.46,103400.3131911838,109346.67032638418,757.3117587839952
2025-05-19 00:00:00+00:00,2025-05-20 00:00:00+00:00,105616.18,106883.24,105723.79875121452,105616.18,102750.62018361433,108696.97731881471,1159.441248785486
2025-05-20 00:00:00+00:00,2025-05-21 00:00:00+00:00,106883.24,109699.54,106824.2616336028,106883.24,103851.08306600261,109797.44020120299,2875.278366397193
2025-05-21 00:00:00+00:00,2025-05-22 00:00:00+00:00,109699.54,111722.53,109877.44279377924,109699.54,106904.26422617905,112850.62136137942,1845.0872062207636
2025-05-22 00:00:00+00:00,2025-05-23 00:00:00+00:00,111722.53,107329.61,112685.05901302444,111722.53,109711.88044542425,115658.23758062463,5355.449013024438
2025-05-23 00:00:00+00:00,2025-05-24 00:00:00+00:00,107329.61,107794.01,107263.3268483885,107329.61,104290.14828078831,110236.5054159887,530.6831516114908
2025-05-24 00:00:00+00:00,2025-05-25 00:00:00+00:00,107794.01,109048.68,107592.67761961826,107794.01,104619.49905201807,110565.85618721845,1456.0023803817312
2025-05-25 00:00:00+00:00,2025-05-26 00:00:00+00:00,109048.68,109464.32,108915.25988058263,109048.68,105942.08131298244,111888.43844818282,549.0601194173796
2025-05-26 00:00:00+00:00,2025-05-27 00:00:00+00:00,109464.32,108978.46,109322.96960001155,109464.32,106349.79103241136,112296.14816761174,344.50960001154453
2025-05-27 00:00:00+00:00,2025-05-28 00:00:00+00:00,108978.46,107819.29,108856.59985547018,108978.46,105883.42128786999,111829.77842307037,1037.3098554701864
2025-05-28 00:00:00+00:00,2025-05-29 00:00:00+00:00,107819.29,105572.58,107651.50270358997,107819.29,104678.32413598978,110624.68127119016,2078.9227035899676
2025-05-29 00:00:00+00:00,2025-05-30 00:00:00+00:00,105572.58,104033.26,105399.81779036605,105572.58,102426.63922276587,108372.99635796624,1366.5577903660596
2025-05-30 00:00:00+00:00,2025-05-31 00:00:00+00:00,104033.26,104645.87,103949.08186099066,104033.26,100975.90329339047,106922.26042859085,696.7881390093389
2025-05-31 00:00:00+00:00,2025-06-01 00:00:00+00:00,104645.87,105697.94,104562.42858480925,104645.87,101589.25001720907,107535.60715240944,1135.5114151907474
2025-06-01 00:00:00+00:00,2025-06-02 00:00:00+00:00,105697.94,105904.94,105495.08534932433,105697.94,102521.90678172414,108468.26391692452,409.8546506756684
2025-06-02 00:00:00+00:00,2025-06-03 00:00:00+00:00,105904.94,105447.82,105772.37062713684,105904.94,102799.19205953665,108745.54919473703,324.55062713683583
2025-06-03 00:00:00+00:00,2025-06-04 00:00:00+00:00,105447.82,104753.38,105294.34462445627,105447.82,102321.16605685608,108267.52319205645,540.9646244562609
2025-06-04 00:00:00+00:00,2025-06-05 00:00:00+00:00,104753.38,101570.2,104567.66400607927,104753.38,101594.48543847908,107540.84257367946,2997.4640060792735
2025-06-05 00:00:00+00:00,2025-06-06 00:00:00+00:00,101570.2,104397.99,101352.8069020966,101570.2,98379.62833449642,104325.9854696968,3045.1830979033984
2025-06-06 00:00:00+00:00,2025-06-07 00:00:00+00:00,104397.99,105619.02,104202.97098945428,104397.99,101229.79242185409,107176.14955705446,1416.0490105457284
2025-06-07 00:00:00+00:00,2025-06-08 00:00:00+00:00,105619.02,105784.4,105470.55568079864,105619.02,102497.37711319845,108443.73424839883,313.844319201351
2025-06-08 00:00:00+00:00,2025-06-09 00:00:00+00:00,105784.4,110301.15,105601.53727094113,105784.4,102628.35870334094,108574.71583854132,4699.612729058863
2025-06-09 00:00:00+00:00,2025-06-10 00:00:00+00:00,110301.15,110300.24,110079.87170313313,110301.15,107106.69313553294,113053.05027073332,220.3682968668727
2025-06-10 00:00:00+00:00,2025-06-11 00:00:00+00:00,110300.24,108669.37,110097.78289498265,110300.24,107124.60432738246,113070.96146258284,1428.4128949826554
2025-06-11 00:00:00+00:00,2025-06-12 00:00:00+00:00,108669.37,105721.05,108483.38939893067,108669.37,105510.21083133048,111456.56796653086,2762.339398930664
2025-06-12 00:00:00+00:00,2025-06-13 00:00:00+00:00,105721.05,106118.7,105621.71508071397,105721.05,102648.53651311378,108594.89364831416,496.98491928602743
2025-06-13 00:00:00+00:00,2025-06-14 00:00:00+00:00,106118.7,105465.42,105969.20878141583,106118.7,102996.03021381564,108942.38734901602,503.7887814158312
2025-06-14 00:00:00+00:00,2025-06-15 00:00:00+00:00,105465.42,105599.25,105322.59029666851,105465.42,102349.41172906832,108295.7688642687,276.65970333149016
2025-06-15 00:00:00+00:00,2025-06-16 00:00:00+00:00,105599.25,106853.38,105387.46817777117,105599.25,102414.28961017098,108360.64674537136,1465.911822228838
2025-06-16 00:00:00+00:00,2025-06-17 00:00:00+00:00,106853.38,104590.44,106660.93474404754,106853.38,103687.75617644735,109634.11331164773,2070.494744047537
2025-06-17 00:00:00+00:00,2025-06-18 00:00:00+00:00,104590.44,104915.6,104373.47580938833,104590.44,101400.29724178814,107346.65437698852,542.1241906116775
2025-06-18 00:00:00+00:00,2025-06-19 00:00:00+00:00,104915.6,104671.9,104720.10463429715,104915.6,101746.92606669696,107693.28320189734,48.20463429715892
2025-06-19 00:00:00+00:00,2025-06-20 00:00:00+00:00,104671.9,103317.8,104527.73273980113,104671.9,101554.55417220094,107500.91130740131,1209.9327398011228
2025-06-20 00:00:00+00:00,2025-06-21 00:00:00+00:00,103317.8,102160.03,103199.56063215484,103317.8,100226.38206455465,106172.73919975503,1039.5306321548414
2025-06-21 00:00:00+00:00,2025-06-22 00:00:00+00:00,102160.03,100996.87,101992.67199691157,102160.03,99019.49342931138,104965.85056451175,995.8019969115703
2025-06-22 00:00:00+00:00,2025-06-23 00:00:00+00:00,100996.87,105419.39,100878.22519548393,100996.87,97905.04662788374,103851.40376308412,4541.164804516069
2025-06-23 00:00:00+00:00,2025-06-24 00:00:00+00:00,105419.39,106141.0,105130.43461530496,105419.39,102157.25604770477,108103.61318290514,1010.5653846950445
2025-06-24 00:00:00+00:00,2025-06-25 00:00:00+00:00,106141.0,107400.22,105943.34193946145,106141.0,102970.16337186126,108916.52050706164,1456.8780605385546
2025-06-25 00:00:00+00:00,2025-06-26 00:00:00+00:00,107400.22,107029.64,107229.6039948224,107400.22,104256.42542722222,110202.7825624226,199.96399482240668
2025-06-26 00:00:00+00:00,2025-06-27 00:00:00+00:00,107029.64,107113.38,106931.70947764204,107029.64,103958.53091004185,109904.88804524223,181.6705223579629
2025-06-27 00:00:00+00:00,2025-06-28 00:00:00+00:00,107113.38,107352.2,106995.87891232665,107113.38,104022.70034472646,109969.05747992684,356.3210876733501
2025-06-28 00:00:00+00:00,2025-06-29 00:00:00+00:00,107352.2,108386.44,107208.66557622273,107352.2,104235.48700862254,110181.84414382292,1177.7744237772713
2025-06-29 00:00:00+00:00,2025-06-30 00:00:00+00:00,108386.44,107173.21,108254.08592538127,108386.44,105280.90735778108,111227.26449298146,1080.8759253812605
2025-06-30 00:00:00+00:00,2025-07-01 00:00:00+00:00,107173.21,105711.78,107051.71168466604,107173.21,104078.53311706585,110024.89025226622,1339.9316846660367
2025-07-01 00:00:00+00:00,2025-07-02 00:00:00+00:00,105711.78,108888.32,105530.31195642723,105711.78,102557.13338882705,108503.49052402742,3358.0080435727723
2025-07-02 00:00:00+00:00,2025-07-03 00:00:00+00:00,108888.32,109628.83,108708.30358656346,108888.32,105735.12501896327,111681.48215416365,920.5264134365425
2025-07-03 00:00:00+00:00,2025-07-04 00:00:00+00:00,109628.83,108028.6,109397.91681203987,109628.83,106424.73824443968,112371.09537964006,1369.3168120398623
2025-07-04 00:00:00+00:00,2025-07-05 00:00:00+00:00,108028.6,108246.65,107819.28688242567,108028.6,104846.10831482548,110792.46545002586,427.3631175743212
2025-07-05 00:00:00+00:00,2025-07-06 00:00:00+00:00,108246.65,109217.98,108026.87927222234,108246.65,105053.70070462216,111000.05783982253,1191.1007277776516
2025-07-06 00:00:00+00:00,2025-07-07 00:00:00+00:00,109217.98,108269.84,109906.12147813954,109217.98,106932.94291053935,112879.30004573973,1636.2814781395427
2025-07-07 00:00:00+00:00,2025-07-08 00:00:00+00:00,108269.84,108958.04,108078.48227554497,108269.84,105105.30370794478,111051.66084314516,879.5577244550223
2025-07-08 00:00:00+00:00,2025-07-09 00:00:00+00:00,108958.04,111282.85,108800.64461534178,108958.04,105827.46604774159,111773.82318294197,2482.2053846582276
2025-07-09 00:00:00+00:00,2025-07-10 00:00:00+00:00,111282.85,116031.3,111229.79170739106,111282.85,108256.61313979088,114202.97027499125,4801.508292608938
2025-07-10 00:00:00+00:00,2025-07-11 00:00:00+00:00,116031.3,117582.16,116948.07934483586,116031.3,113974.90077723567,119921.25791243605,634.0806551641435
2025-07-11 00:00:00+00:00,2025-07-12 00:00:00+00:00,117582.16,117472.65,118054.79625562837,117582.16,115081.61768802819,121027.97482322856,582.1462556283805
2025-07-12 00:00:00+00:00,2025-07-13 00:00:00+00:00,117472.65,119130.81,118438.84907264612,117472.65,115465.67050504593,121412.0276402463,691.9609273538808
2025-07-13 00:00:00+00:00,2025-07-14 00:00:00+00:00,119130.81,119863.71,120067.83451003693,119130.81,117094.65594243674,123041.01307763712,204.12451003692695
2025-07-14 00:00:00+00:00,2025-07-15 00:00:00+00:00,119863.71,117781.64,121036.71586080137,119863.71,118063.53729320118,124009.89442840156,3255.075860801371
2025-07-15 00:00:00+00:00,2025-07-16 00:00:00+00:00,117781.64,118681.68,118460.18795859309,117781.64,115487.0093909929,121433.36652619328,221.49204140690563
2025-07-16 00:00:00+00:00,2025-07-17 00:00:00+00:00,118681.68,119273.69,119267.8595016146,118681.68,116294.68093401441,122241.03806921479,5.830498385403189
2025-07-17 00:00:00+00:00,2025-07-18 00:00:00+00:00,119273.69,118023.05,120127.02621252544,119273.69,117153.84764492525,123100.20478012563,2103.9762125254347
2025-07-18 00:00:00+00:00,2025-07-19 00:00:00+00:00,118023.05,117914.17,118846.4234667046,118023.05,115873.24489910441,121819.60203430479,932.2534667045984
2025-07-19 00:00:00+00:00,2025-07-20 00:00:00+00:00,117914.17,117312.7,118541.93975002885,117914.17,115568.76118242866,121515.11831762904,1229.2397500288498
2025-07-20 00:00:00+00:00,2025-07-21 00:00:00+00:00,117312.7,117428.79,118121.40100249124,117312.7,115148.22243489105,121094.57957009143,692.6110024912487
2025-07-21 00:00:00+00:00,2025-07-22 00:00:00+00:00,117428.79,120026.42,118107.76762547057,117428.79,115134.58905787038,121080.94619307076,1918.6523745294253
2025-07-22 00:00:00+00:00,2025-07-23 00:00:00+00:00,120026.42,118810.44,120990.65061369582,120026.42,118017.47204609563,123963.82918129601,2180.2106136958173
2025-07-23 00:00:00+00:00,2025-07-24 00:00:00+00:00,118810.44,118397.04,118766.1378852832,118810.44,115792.95931768301,121739.31645288339,369.09788528320496
2025-07-24 00:00:00+00:00,2025-07-25 00:00:00+00:00,118397.04,117633.27,118274.42927435276,118397.04,115301.25070675257,121247.60784195295,641.1592743527581
2025-07-25 00:00:00+00:00,2025-07-26 00:00:00+00:00,117633.27,117969.63,117597.04145604416,117633.27,114623.86288844397,120570.22002364435,372.58854395584785
2025-07-26 00:00:00+00:00,2025-07-27 00:00:00+00:00,117969.63,119465.52,117918.68466666885,117969.63,114945.50609906866,120891.86323426904,1546.8353333311534
2025-07-27 00:00:00+00:00,2025-07-28 00:00:00+00:00,119465.52,118070.59,119407.20757901312,119465.52,116434.02901141293,122380.38614661331,1336.6175790131238
2025-07-28 00:00:00+00:00,2025-07-29 00:00:00+00:00,118070.59,117933.39,117886.07277899575,118070.59,114912.89421139556,120859.25134659593,47.31722100425395
2025-07-29 00:00:00+00:00,2025-07-30 00:00:00+00:00,117933.39,117830.15,117777.78179895453,117933.39,114804.60323135434,120750.96036655472,52.36820104546496
2025-07-30 00:00:00+00:00,2025-07-31 00:00:00+00:00,117830.15,115761.13,117694.0155144723,117830.15,114720.8369468721,120667.19408207248,1932.885514472291
2025-07-31 00:00:00+00:00,2025-08-01 00:00:00+00:00,115761.13,113248.73,115547.29334614449,115761.13,112574.1147785443,118520.47191374468,2298.563346144496
2025-08-01 00:00:00+00:00,2025-08-02 00:00:00+00:00,113248.73,112542.74,112986.17352645335,113248.73,110012.99495885316,115959.35209405354,443.4335264533438
2025-08-02 00:00:00+00:00,2025-08-03 00:00:00+00:00,112542.74,114215.73,112335.70242251868,112542.74,109362.52385491849,115308.88099011887,1880.02757748132
2025-08-03 00:00:00+00:00,2025-08-04 00:00:00+00:00,114215.73,115051.85,113997.4478969805,114215.73,111024.26932938032,116970.6264645807,1054.4021030195
2025-08-04 00:00:00+00:00,2025-08-05 00:00:00+00:00,115051.85,114112.95,114787.3245613889,115051.85,111814.14599378871,117760.50312898909,674.3745613889041
2025-08-05 00:00:00+00:00,2025-08-06 00:00:00+00:00,114112.95,115028.83,113937.1358149458,114112.95,110963.9572473456,116910.31438254598,1091.6941850542062
2025-08-06 00:00:00+00:00,2025-08-07 00:00:00+00:00,115028.83,117515.49,114777.16989947492,115028.83,111803.99133187473,117750.3484670751,2738.3201005250885
2025-08-07 00:00:00+00:00,2025-08-08 00:00:00+00:00,117515.49,116683.79,117340.30735797282,117515.49,114367.12879037263,120313.48592557301,656.5173579728289
2025-08-08 00:00:00+00:00,2025-08-09 00:00:00+00:00,116683.79,116492.51,116432.83904013423,116683.79,113459.66047253404,119406.01760773442,59.67095986576169
2025-08-09 00:00:00+00:00,2025-08-10 00:00:00+00:00,116492.51,119309.37,116280.06524201037,116492.51,113306.88667441018,119253.24380961056,3029.304757989623
2025-08-10 00:00:00+00:00,2025-08-11 00:00:00+00:00,119309.37,118701.84,119323.63393201593,119309.37,116350.45536441574,122296.81249961612,621.7939320159348
2025-08-11 00:00:00+00:00,2025-08-12 00:00:00+00:00,118701.84,120113.18,118629.78075284923,118701.84,115656.60218524904,121602.95932044942,1483.3992471507663
2025-08-12 00:00:00+00:00,2025-08-13 00:00:00+00:00,120113.18,123365.63,120080.02737636551,120113.18,117106.84880876532,123053.2059439657,3285.6026236344915
2025-08-13 00:00:00+00:00,2025-08-14 00:00:00+00:00,123365.63,118389.79,123314.67830099502,123365.63,120341.49973339483,126287.8568685952,4924.888300995022
2025-08-14 00:00:00+00:00,2025-08-15 00:00:00+00:00,118389.79,117436.96,118269.52562838781,118389.79,115296.34706078762,121242.704195988,832.5656283878052
2025-08-15 00:00:00+00:00,2025-08-16 00:00:00+00:00,117436.96,117455.68,117259.9230038009,117436.96,114286.74443620071,120233.10157140109,195.75699619909574
2025-08-16 00:00:00+00:00,2025-08-17 00:00:00+00:00,117455.68,117488.6,117265.14565651905,117455.68,114291.96708891886,120238.32422411923,223.45434348096023
2025-08-17 00:00:00+00:00,2025-08-18 00:00:00+00:00,117488.6,116286.76,117293.92597449798,117488.6,114320.74740689779,120267.10454209817,1007.1659744979843
2025-08-18 00:00:00+00:00,2025-08-19 00:00:00+00:00,116286.76,112856.19,116149.78449579839,116286.76,113176.6059281982,119122.96306339858,3293.5944957983884
2025-08-19 00:00:00+00:00,2025-08-20 00:00:00+00:00,112856.19,114276.0,112736.27124147542,112856.19,109763.09267387523,115709.44980907561,1539.7287585245795
2025-08-20 00:00:00+00:00,2025-08-21 00:00:00+00:00,114276.0,112480.3,114039.6020373814,114276.0,111066.4234697812,117012.78060498158,1559.3020373813924
2025-08-21 00:00:00+00:00,2025-08-22 00:00:00+00:00,112480.3,116908.68,112457.51210556437,112480.3,109484.33353796418,115430.69067316456,4451.1678944356245
2025-08-22 00:00:00+00:00,2025-08-23 00:00:00+00:00,116908.68,115383.87,116605.04562506244,116908.68,113631.86705746225,119578.22419266263,1221.1756250624458
2025-08-23 00:00:00+00:00,2025-08-24 00:00:00+00:00,115383.87,113478.0,115116.23436075014,115383.87,112143.05579314995,118089.41292835033,1638.2343607501389
2025-08-24 00:00:00+00:00,2025-08-25 00:00:00+00:00,113478.0,110127.74,113079.8313352248,113478.0,110106.6527676246,116053.00990282498,2952.091335224788
2025-08-25 00:00:00+00:00,2025-08-26 00:00:00+00:00,110127.74,111788.01,109980.4448833269,110127.74,107007.26631572671,112953.62345092709,1807.5651166730968
2025-08-26 00:00:00+00:00,2025-08-27 00:00:00+00:00,111788.01,111253.21,111691.7204373284,111788.01,108718.54186972821,114664.8990049286,438.51043732839753
2025-08-27 00:00:00+00:00,2025-08-28 00:00:00+00:00,111253.21,112574.85,111047.20653941561,111253.21,108074.02797181542,114020.3851070158,1527.643460584397
2025-08-28 00:00:00+00:00,2025-08-29 00:00:00+00:00,112574.85,108378.32,112290.86647489536,112574.85,109317.68790729517,115264.04504249555,3912.5464748953527
2025-08-29 00:00:00+00:00,2025-08-30 00:00:00+00:00,108378.32,108827.93,108274.69330113543,108378.32,105301.51473353524,111247.87186873562,553.2366988645663
2025-08-30 00:00:00+00:00,2025-08-31 00:00:00+00:00,108827.93,108247.95,108653.03441378819,108827.93,105679.855846188,111626.21298138838,405.08441378819407
2025-08-31 00:00:00+00:00,2025-09-01 00:00:00+00:00,108247.95,109240.55,108087.1178737733,108247.95,105113.93930617311,111060.29644137349,1153.432126226704
2025-09-01 00:00:00+00:00,2025-09-02 00:00:00+00:00,109240.55,111247.94,108984.82996483111,109240.55,106011.65139723092,111958.0085324313,2263.1100351688947
2025-09-02 00:00:00+00:00,2025-09-03 00:00:00+00:00,111247.94,111756.41,111058.4757146497,111247.94,108085.29714704951,114031.65428224989,697.934285350304
2025-09-03 00:00:00+00:00,2025-09-04 00:00:00+00:00,111756.41,110720.79,111507.23691002167,111756.41,108534.05834242149,114480.41547762186,786.4469100216811
2025-09-04 00:00:00+00:00,2025-09-05 00:00:00+00:00,110720.79,110670.02,110509.10628847576,110720.79,107535.92772087557,113482.28485607594,160.91371152424836
2025-09-05 00:00:00+00:00,2025-09-06 00:00:00+00:00,110670.02,110212.6,110434.66038231824,110670.02,107461.48181471805,113407.83894991843,222.06038231823186
2025-09-06 00:00:00+00:00,2025-09-07 00:00:00+00:00,110212.6,111129.61,110007.14466632069,110212.6,107033.9660987205,112980.32323392088,1122.4653336793126
2025-09-07 00:00:00+00:00,2025-09-08 00:00:00+00:00,111129.61,112072.57,110970.8507007813,111129.61,107997.67213318111,113944.02926838149,1101.7192992187047
2025-09-08 00:00:00+00:00,2025-09-09 00:00:00+00:00,112072.57,111549.32,111910.19776636944,112072.57,108937.01919876925,114883.37633396963,360.87776636943454
2025-09-09 00:00:00+00:00,2025-09-10 00:00:00+00:00,111549.32,113983.97,111345.65564512699,111549.32,108372.4770775268,114318.83421272718,2638.314354873015
2025-09-10 00:00:00+00:00,2025-09-11 00:00:00+00:00,113983.97,115540.0,113937.24263787271,113983.97,110964.06407027252,116910.4212054729,1602.7573621272895
2025-09-11 00:00:00+00:00,2025-09-12 00:00:00+00:00,115540.0,116106.03,115406.01788391716,115540.0,112432.83931631697,118379.19645151735,700.0121160828421
2025-09-12 00:00:00+00:00,2025-09-13 00:00:00+00:00,116106.03,115968.35,116660.97925813175,116106.03,113687.80069053156,119634.15782573193,692.6292581317393
2025-09-13 00:00:00+00:00,2025-09-14 00:00:00+00:00,115968.35,115314.13,116875.9554763995,115968.35,113902.77690879931,119849.13404399969,1561.825476399492
2025-09-14 00:00:00+00:00,2025-09-15 00:00:00+00:00,115314.13,115381.08,116249.69566097924,115314.13,113276.51709337905,119222.87422857943,868.6156609792379
2025-09-15 00:00:00+00:00,2025-09-16 00:00:00+00:00,115381.08,116832.56,116147.29743618124,115381.08,113174.11886858105,119120.47600378143,685.2625638187601
2025-09-16 00:00:00+00:00,2025-09-17 00:00:00+00:00,116832.56,116484.4,117443.09895238631,116832.56,114469.92038478612,120416.2775199865,958.6989523863158
2025-09-17 00:00:00+00:00,2025-09-18 00:00:00+00:00,116484.4,117117.99,117361.92401949348,116484.4,114388.7454518933,120335.10258709367,243.93401949347754
2025-09-18 00:00:00+00:00,2025-09-19 00:00:00+00:00,117117.99,115690.55,118255.32108382911,117117.99,115282.14251622892,121228.4996514293,2564.7710838291096
2025-09-19 00:00:00+00:00,2025-09-20 00:00:00+00:00,115690.55,115752.4,115806.4973059368,115690.55,112833.31873833662,118779.675873537,54.09730593681161
2025-09-20 00:00:00+00:00,2025-09-21 00:00:00+00:00,115752.4,115282.27,116573.99714561527,115752.4,113600.81857801508,119547.17571321546,1291.7271456152666
2025-09-21 00:00:00+00:00,2025-09-22 00:00:00+00:00,115282.27,112736.59,115201.78669010637,115282.27,112228.60812250618,118174.96525770656,2465.1966901063715
2025-09-22 00:00:00+00:00,2025-09-23 00:00:00+00:00,112736.59,112017.21,112666.94763206562,112736.59,109693.76906446544,115640.12619966581,649.7376320656185
2025-09-23 00:00:00+00:00,2025-09-24 00:00:00+00:00,112017.21,113348.17,111824.01915064116,112017.21,108850.84058304098,114797.19771824135,1524.1508493588335
2025-09-24 00:00:00+00:00,2025-09-25 00:00:00+00:00,113348.17,109035.72,113222.92352066432,113348.17,110249.74495306413,116196.10208826451,4187.2035206643195
2025-09-25 00:00:00+00:00,2025-09-26 00:00:00+00:00,109035.72,109697.29,108705.09976452765,109035.72,105731.92119692746,111678.27833212784,992.1902354723425
2025-09-26 00:00:00+00:00,2025-09-27 00:00:00+00:00,109697.29,109681.16,109552.15890415508,109697.29,106578.98033655489,112525.33747175527,129.00109584492748
2025-09-27 00:00:00+00:00,2025-09-28 00:00:00+00:00,109681.16,112197.67,109507.97481859928,109681.16,106534.79625099909,112481.15338619947,2689.695181400719
2025-09-28 00:00:00+00:00,2025-09-29 00:00:00+00:00,112197.67,114365.07,112107.12846497638,112197.67,109133.9498973762,115080.30703257657,2257.941535023623
2025-09-29 00:00:00+00:00,2025-09-30 00:00:00+00:00,114365.07,114067.71,114322.60754500095,114365.07,111349.42897740076,117295.78611260114,254.89754500094568
2025-09-30 00:00:00+00:00,2025-10-01 00:00:00+00:00,114067.71,118659.97,113921.02022729318,114067.71,110947.84165969299,116894.19879489337,4738.949772706823
2025-10-01 00:00:00+00:00,2025-10-02 00:00:00+00:00,118659.97,120621.32,118417.65496390335,118659.97,115444.47639630316,121390.83353150354,2203.6650360966596
2025-10-02 00:00:00+00:00,2025-10-03 00:00:00+00:00,120621.32,122318.4,120372.60208093438,120621.32,117399.42351333419,123345.78064853456,1945.7979190656188
2025-10-03 00:00:00+00:00,2025-10-04 00:00:00+00:00,122318.4,122458.56,122359.54881937221,122318.4,119386.37025177202,125332.7273869724,99.0111806277855
2025-10-04 00:00:00+00:00,2025-10-05 00:00:00+00:00,122458.56,123520.79,122524.40665051932,122458.56,119551.22808291913,125497.58521811951,996.383349480675
2025-10-05 00:00:00+00:00,2025-10-06 00:00:00+00:00,123520.79,124720.09,123861.33634556166,123520.79,120888.15777796147,126834.51491316185,858.7536544383329
2025-10-06 00:00:00+00:00,2025-10-07 00:00:00+00:00,124720.09,121393.95,125763.08348518344,124720.09,122789.90491758325,128736.26205278363,4369.13348518344
2025-10-07 00:00:00+00:00,2025-10-08 00:00:00+00:00,121393.95,123343.25,121187.17587150514,121393.95,118213.99730390495,124160.35443910533,2156.07412849486
2025-10-08 00:00:00+00:00,2025-10-09 00:00:00+00:00,123343.25,121714.51,123245.37798335009,123343.25,120272.1994157499,126218.55655095028,1530.8679833500937
2025-10-09 00:00:00+00:00,2025-10-10 00:00:00+00:00,121714.51,112980.28,122627.43245540746,121714.51,119654.25388780727,125600.61102300764,9647.152455407457
2025-10-10 00:00:00+00:00,2025-10-11 00:00:00+00:00,112980.28,110768.89,112148.21365944663,112980.28,109175.03509184644,115121.39222704682,1379.3236594466289
2025-10-11 00:00:00+00:00,2025-10-12 00:00:00+00:00,110768.89,115067.98,110865.85781097329,110768.89,107892.6792433731,113839.03637857348,4202.122189026704
2025-10-12 00:00:00+00:00,2025-10-13 00:00:00+00:00,115067.98,115274.03,114460.4791445334,115067.98,111487.30057693321,117433.65771213359,813.5508554666012
2025-10-13 00:00:00+00:00,2025-10-14 00:00:00+00:00,115274.03,113068.0,114583.00329980906,115274.03,111609.82473220887,117556.18186740925,1515.003299809061
2025-10-14 00:00:00+00:00,2025-10-15 00:00:00+00:00,113068.0,110804.12,112887.97908675052,113068.0,109914.80051915033,115861.15765435071,2083.8590867505263
2025-10-15 00:00:00+00:00,2025-10-16 00:00:00+00:00,110804.12,108198.0,110424.99315942955,110804.12,107451.81459182936,113398.17172702974,2226.9931594295485
2025-10-16 00:00:00+00:00,2025-10-17 00:00:00+00:00,108198.0,106463.3,108427.49608709128,108198.0,105454.31751949109,111400.67465469147,1964.1960870912735
2025-10-17 00:00:00+00:00,2025-10-18 00:00:00+00:00,106463.3,107208.91,106588.74949910007,106463.3,103615.57093149988,109561.92806670026,620.1605008999322
2025-10-18 00:00:00+00:00,2025-10-19 00:00:00+00:00,107208.91,108676.78,107170.42558798811,107208.91,104197.24702038792,110143.6041555883,1506.3544120118895
2025-10-19 00:00:00+00:00,2025-10-20 00:00:00+00:00,108676.78,110568.06,108398.19205669979,108676.78,105425.0134890996,111371.37062429998,2169.8679433002108
2025-10-20 00:00:00+00:00,2025-10-21 00:00:00+00:00,110568.06,108362.27,110182.90318293485,110568.06,107209.72461533466,113156.08175053504,1820.6331829348492
2025-10-21 00:00:00+00:00,2025-10-22 00:00:00+00:00,108362.27,107585.98,108128.83929803615,108362.27,105155.66073043596,111102.01786563634,542.8592980361573
2025-10-22 00:00:00+00:00,2025-10-23 00:00:00+00:00,107585.98,110116.03,107451.9516755856,107585.98,104478.77310798541,110425.13024318579,2664.078324414397
2025-10-23 00:00:00+00:00,2025-10-24 00:00:00+00:00,110116.03,111042.13,109841.49990612392,110116.03,106868.32133852373,112814.67847372411,1200.6300938760833
2025-10-24 00:00:00+00:00,2025-10-25 00:00:00+00:00,111042.13,111666.21,110664.51045196495,111042.13,107691.33188436476,113637.68901956514,1001.6995480350597
2025-10-25 00:00:00+00:00,2025-10-26 00:00:00+00:00,111666.21,114548.09,111488.75105506444,111666.21,108515.57248746425,114461.92962266463,3059.33894493556
2025-10-26 00:00:00+00:00,2025-10-27 00:00:00+00:00,114548.09,114087.06,114330.80004099844,114548.09,111357.62147339825,117303.97860859863,243.74004099844024
2025-10-27 00:00:00+00:00,2025-10-28 00:00:00+00:00,114087.06,112906.75,113691.29091498934,114087.06,110718.11234738915,116664.46948258953,784.5409149893385
2025-10-28 00:00:00+00:00,2025-10-29 00:00:00+00:00,112906.75,110032.13,112746.30606568816,112906.75,109773.12749808797,115719.48463328835,2714.1760656881524
2025-10-29 00:00:00+00:00,2025-10-30 00:00:00+00:00,110032.13,108308.18,109646.66200270737,110032.13,106673.48343510718,112619.84057030756,1338.4820027073729
2025-10-30 00:00:00+00:00,2025-10-31 00:00:00+00:00,108308.18,109555.27,108134.69463452892,108308.18,105161.51606692873,111107.8732021291,1420.5753654710861
2025-10-31 00:00:00+00:00,2025-11-01 00:00:00+00:00,109555.27,110052.25,109351.77372645153,109555.27,106378.59515885134,112324.95229405172,700.4762735484692
2025-11-01 00:00:00+00:00,2025-11-02 00:00:00+00:00,110052.25,110536.01,109858.1527494885,110052.25,106884.9741818883,112831.33131708868,677.8572505115008
2025-11-02 00:00:00+00:00,2025-11-03 00:00:00+00:00,110536.01,106557.98,110348.1964715334,110536.01,107375.01790393321,113321.37503913359,3790.2164715334075
2025-11-03 00:00:00+00:00,2025-11-04 00:00:00+00:00,106557.98,101468.15,106373.884423797,106557.98,103400.70585619682,109347.0629913972,4905.73442379701
2025-11-04 00:00:00+00:00,2025-11-05 00:00:00+00:00,101468.15,103869.0,101934.80687098895,101468.15,98961.62830338876,104907.98543858914,1934.1931290110515
2025-11-05 00:00:00+00:00,2025-11-06 00:00:00+00:00,103869.0,101290.5,103796.10966676222,103869.0,100822.93109916203,106769.28823436241,2505.6096667622187
2025-11-06 00:00:00+00:00,2025-11-07 00:00:00+00:00,101290.5,103284.27,101786.29493948545,101290.5,98813.11637188526,104759.47350708564,1497.9750605145528
2025-11-07 00:00:00+00:00,2025-11-08 00:00:00+00:00,103284.27,102285.57,103080.70823920745,103284.27,100107.52967160726,106053.88680680764,795.1382392074447
2025-11-08 00:00:00+00:00,2025-11-09 00:00:00+00:00,102285.57,104694.95,102271.91877427067,102285.57,99298.74020667048,105245.09734187086,2423.0312257293263
2025-11-09 00:00:00+00:00,2025-11-10 00:00:00+00:00,104694.95,105979.38,104414.3401359394,104694.95,101441.16156833922,107387.5187035396,1565.0398640606
2025-11-10 00:00:00+00:00,2025-11-11 00:00:00+00:00,105979.38,103009.35,105719.34360793878,105979.38,102746.16504033859,108692.52217553896,2709.99360793877
2025-11-11 00:00:00+00:00,2025-11-12 00:00:00+00:00,103009.35,101639.01,103026.59788288674,103009.35,100053.41931528655,105999.77645048693,1387.5878828867426
2025-11-12 00:00:00+00:00,2025-11-13 00:00:00+00:00,101639.01,99614.54,101481.91554786092,101639.01,98508.73698026073,104455.0941154611,1867.3755478609237
2025-11-13 00:00:00+00:00,2025-11-14 00:00:00+00:00,99614.54,94503.96,99683.61742196773,99614.54,96710.43885436754,102656.79598956792,5179.657421967728
2025-11-14 00:00:00+00:00,2025-11-15 00:00:00+00:00,94503.96,95544.94,94595.84831184022,94503.96,91622.66974424003,97569.02687944041,949.0916881597805
2025-11-15 00:00:00+00:00,2025-11-16 00:00:00+00:00,95544.94,94183.97,96032.23360989378,95544.94,93059.05504229359,99005.41217749397,1848.26360989378
2025-11-16 00:00:00+00:00,2025-11-17 00:00:00+00:00,94183.97,92100.6,95156.17869416636,94183.97,92183.00012656617,98129.35726176655,3055.5786941663537
2025-11-17 00:00:00+00:00,2025-11-18 00:00:00+00:00,92100.6,92914.46,92813.19406734176,92100.6,89840.01549974157,95786.37263494194,101.26593265825068
2025-11-18 00:00:00+00:00,2025-11-19 00:00:00+00:00,92914.46,91461.6,93087.49312966816,92914.46,90114.31456206797,96060.67169726835,1625.8931296681549
2025-11-19 00:00:00+00:00,2025-11-20 00:00:00+00:00,91461.6,86536.88,92088.85659165046,91461.6,89115.67802405027,95062.03515925065,5551.976591650455
2025-11-20 00:00:00+00:00,2025-11-21 00:00:00+00:00,86536.88,85068.88,87357.34852176055,86536.88,84384.16995416036,90330.52708936074,2288.468521760544
2025-11-21 00:00:00+00:00,2025-11-22 00:00:00+00:00,85068.88,84684.0,85945.41486960847,85068.88,82972.23630200828,88918.59343720866,1261.414869608474
2025-11-22 00:00:00+00:00,2025-11-23 00:00:00+00:00,84684.0,86808.28,85507.98276090603,84684.0,82534.80419330584,88481.16132850622,1300.2972390939685
2025-11-23 00:00:00+00:00,2025-11-24 00:00:00+00:00,86808.28,88266.2,87610.40265365035,86808.28,84637.22408605016,90583.58122125054,655.7973463496455
2025-11-24 00:00:00+00:00,2025-11-25 00:00:00+00:00,88266.2,87325.01,88424.42854589307,88266.2,85451.24997829288,91397.60711349326,1099.4185458930733
2025-11-25 00:00:00+00:00,2025-11-26 00:00:00+00:00,87325.01,90468.84,87429.18881745075,87325.01,84456.01024985056,90402.36738505094,3039.651182549249
2025-11-26 00:00:00+00:00,2025-11-27 00:00:00+00:00,90468.84,91316.7,90322.50913131385,90468.84,87349.33056371367,93295.68769891404,994.1908686861425
2025-11-27 00:00:00+00:00,2025-11-28 00:00:00+00:00,91316.7,90902.7,91437.87691812063,91316.7,88464.69835052044,94411.05548572082,535.1769181206328
2025-11-28 00:00:00+00:00,2025-11-29 00:00:00+00:00,90902.7,90828.06,91034.94602807844,90902.7,88061.76746047825,94008.12459567863,206.8860280784429
2025-11-29 00:00:00+00:00,2025-11-30 00:00:00+00:00,90828.06,90369.51,90908.85709847033,90828.06,87935.67853087014,93882.03566607051,539.3470984703308
2025-11-30 00:00:00+00:00,2025-12-01 00:00:00+00:00,90369.51,86282.36,90441.04905707442,90369.51,87467.87048947423,93414.2276246746,4158.689057074414
2025-12-01 00:00:00+00:00,2025-12-02 00:00:00+00:00,86282.36,91308.05,86330.56498771466,86282.36,83357.38642011448,89303.74355531485,4977.485012285339
2025-12-02 00:00:00+00:00,2025-12-03 00:00:00+00:00,91308.05,93453.84,91007.11555330628,91308.05,88033.9369857061,93980.29412090647,2446.724446693712
2025-12-03 00:00:00+00:00,2025-12-04 00:00:00+00:00,93453.84,92093.54,93330.40268379089,93453.84,90357.2241161907,96303.58125139108,1236.862683790896
2025-12-04 00:00:00+00:00,2025-12-05 00:00:00+00:00,92093.54,89345.29,92040.83920686253,92093.54,89067.66063926234,95014.01777446271,2695.5492068625317
2025-12-05 00:00:00+00:00,2025-12-06 00:00:00+00:00,89345.29,89267.97,89196.54718399636,89345.29,86223.36861639617,92169.72575159655,71.42281600364367
2025-12-06 00:00:00+00:00,2025-12-07 00:00:00+00:00,89267.97,90402.29,89197.89443634487,89267.97,86224.71586874468,92171.07300394506,1204.3955636551254
2025-12-07 00:00:00+00:00,2025-12-08 00:00:00+00:00,90402.29,90653.86,90401.68195265108,90402.29,87428.50338505089,93374.86052025127,252.1780473489198
2025-12-08 00:00:00+00:00,2025-12-09 00:00:00+00:00,90653.86,92690.0,90572.14008125543,90653.86,87598.96151365525,93545.31864885562,2117.859918744565
2025-12-09 00:00:00+00:00,2025-12-10 00:00:00+00:00,92690.0,92035.99,92512.11634623141,92690.0,89538.93777863123,95485.2949138316,476.1263462314091
2025-12-10 00:00:00+00:00,2025-12-11 00:00:00+00:00,92035.99,92542.0,91851.83575519954,92035.99,88878.65718759935,94825.01432279973,690.1642448004568
2025-12-11 00:00:00+00:00,2025-12-12 00:00:00+00:00,92542.0,90278.0,92447.93401385842,92542.0,89474.75544625823,95421.11258145861,2169.934013858423
2025-12-12 00:00:00+00:00,2025-12-13 00:00:00+00:00,90278.0,90255.32,90172.86459985518,90278.0,87199.68603225499,93146.04316745537,82.45540014482685
2025-12-13 00:00:00+00:00,2025-12-14 00:00:00+00:00,90255.32,88171.61,90154.85461802284,90255.32,87181.67605042265,93128.03318562303,1983.2446180228435
2025-12-14 00:00:00+00:00,2025-12-15 00:00:00+00:00,88171.61,86417.5,88105.64190697054,88171.61,85132.46333937036,91078.82047457073,1688.1419069705444
2025-12-15 00:00:00+00:00,2025-12-16 00:00:00+00:00,86417.5,87854.01,86315.26935986844,86417.5,83342.09079226825,89288.44792746863,1538.740640131553
2025-12-16 00:00:00+00:00,2025-12-17 00:00:00+00:00,87854.01,86209.77,87766.2495042005,87854.01,84793.07093660031,90739.42807180069,1556.479504200499
2025-12-17 00:00:00+00:00,2025-12-18 00:00:00+00:00,86209.77,85460.02,86037.03238369446,86209.77,83063.85381609427,89010.21095129465,577.0123836944549
2025-12-18 00:00:00+00:00,2025-12-19 00:00:00+00:00,85460.02,88092.65,85274.65408671132,85460.02,82301.47551911113,88247.83265431151,2817.9959132886725
2025-12-19 00:00:00+00:00,2025-12-20 00:00:00+00:00,88092.65,88324.0,87950.13737903687,88092.65,84976.95881143668,90923.31594663706,373.86262096313294
2025-12-20 00:00:00+00:00,2025-12-21 00:00:00+00:00,88324.0,88639.95,88173.85576154944,88324.0,85200.67719394925,91147.03432914962,466.09423845056153
2025-12-21 00:00:00+00:00,2025-12-22 00:00:00+00:00,88639.95,88556.77,88625.96998311454,88639.95,85652.79141551435,91599.14855071473,69.19998311453674
2025-12-22 00:00:00+00:00,2025-12-23 00:00:00+00:00,88556.77,87429.32,88433.82770804764,88556.77,85460.64914044745,91407.00627564783,1004.5077080476331
2025-12-23 00:00:00+00:00,2025-12-24 00:00:00+00:00,87429.32,87609.03,87345.40984075284,87429.32,84372.23127315265,90318.58840835303,263.6201592471625
2025-12-24 00:00:00+00:00,2025-12-25 00:00:00+00:00,87609.03,87171.68,87476.49457086419,87609.03,84503.316003264,90449.67313846438,304.81457086419687
2025-12-25 00:00:00+00:00,2025-12-26 00:00:00+00:00,87171.68,87296.01,87108.8935256745,87171.68,84135.71495807431,90082.07209327469,187.11647432549216
2025-12-26 00:00:00+00:00,2025-12-27 00:00:00+00:00,87296.01,87808.0,87075.35666653476,87296.01,84102.17809893457,90048.53523413495,732.6433334652393
2025-12-27 00:00:00+00:00,2025-12-28 00:00:00+00:00,87808.0,87877.29,87768.12943772515,87808.0,84794.95087012496,90741.30800532534,109.1605622748466
2025-12-28 00:00:00+00:00,2025-12-29 00:00:00+00:00,87877.29,87110.78,87844.40949005914,87877.29,84871.23092245896,90817.58805765933,733.6294900591456
2025-12-29 00:00:00+00:00,2025-12-30 00:00:00+00:00,87110.78,88397.5,87179.88947948422,87110.78,84206.71091188403,90153.06804708441,1217.61052051578
2025-12-30 00:00:00+00:00,2025-12-31 00:00:00+00:00,88397.5,87497.94,88333.72968741269,88397.5,85360.5511198125,91306.90825501288,835.7896874126891
2025-12-31 00:00:00+00:00,2026-01-01 00:00:00+00:00,87497.94,88738.34,87503.03570899682,87497.94,84529.85714139663,90476.214276597,1235.30429100318
2026-01-01 00:00:00+00:00,2026-01-02 00:00:00+00:00,88738.34,89957.99,88726.41493655188,88738.34,85753.2363689517,91699.59350415207,1231.5750634481228
2026-01-02 00:00:00+00:00,2026-01-03 00:00:00+00:00,89957.99,90598.02,89990.28903858516,89957.99,87017.11047098498,92963.46760618535,607.7309614148398
2026-01-03 00:00:00+00:00,2026-01-04 00:00:00+00:00,90598.02,91494.0,90645.51002492163,90598.02,87672.33145732144,93618.68859252182,848.4899750783661
2026-01-04 00:00:00+00:00,2026-01-05 00:00:00+00:00,91494.0,93870.06,91717.81598564108,91494.0,88744.63741804089,94690.99455324127,2152.2440143589192
2026-01-05 00:00:00+00:00,2026-01-06 00:00:00+00:00,93870.06,93722.01,95146.04841008504,93870.06,92172.86984248486,98119.22697768523,1424.0384100850497
2026-01-06 00:00:00+00:00,2026-01-07 00:00:00+00:00,93722.01,91279.73,94814.98618929922,93722.01,91841.80762169903,97788.16475689941,3535.2561892992235
2026-01-07 00:00:00+00:00,2026-01-08 00:00:00+00:00,91279.73,91026.0,91241.5583752274,91279.73,88268.3798076272,94214.73694282759,215.55837522739603
2026-01-08 00:00:00+00:00,2026-01-09 00:00:00+00:00,91026.0,90515.45,90983.02459330545,91026.0,88009.84602570526,93956.20316090564,467.5745933054568
2026-01-09 00:00:00+00:00,2026-01-10 00:00:00+00:00,90515.45,90385.54,90514.92703736007,90515.45,87541.74846975988,93488.10560496026,129.38703736008028
2026-01-10 00:00:00+00:00,2026-01-11 00:00:00+00:00,90385.54,90872.01,90266.50579152723,90385.54,87293.32722392704,93239.68435912742,605.5042084727611
2026-01-11 00:00:00+00:00,2026-01-12 00:00:00+00:00,90872.01,91188.09,90863.94195937892,90872.01,87890.76339177873,93837.12052697911,324.1480406210758
2026-01-12 00:00:00+00:00,2026-01-13 00:00:00+00:00,91188.09,95384.23,91323.18896030744,91188.09,88350.01039270725,94296.36752790763,4061.041039692558
2026-01-13 00:00:00+00:00,2026-01-14 00:00:00+00:00,95384.23,96955.16,96569.5314065629,95384.23,93596.35283896272,99542.7099741631,385.62859343709715
2026-01-14 00:00:00+00:00,2026-01-15 00:00:00+00:00,96955.16,95587.65,98216.8666023961,96955.16,95243.68803479591,101190.04516999629,2629.2166023961036
2026-01-15 00:00:00+00:00,2026-01-16 00:00:00+00:00,95587.65,95504.0,95748.99627938916,95587.65,92775.81771178897,98722.17484698935,244.99627938916092
2026-01-16 00:00:00+00:00,2026-01-17 00:00:00+00:00,95504.0,95109.99,95456.92572950202,95504.0,92483.74716190183,98430.10429710221,346.93572950201633
2026-01-17 00:00:00+00:00,2026-01-18 00:00:00+00:00,95109.99,93633.53,95117.38977559781,95109.99,92144.21120799762,98090.568343198,1483.8597755978117
2026-01-18 00:00:00+00:00,2026-01-19 00:00:00+00:00,93633.53,92559.66,93570.61046828308,93633.53,90597.43190068289,96543.78903588327,1010.9504682830739
2026-01-19 00:00:00+00:00,2026-01-20 00:00:00+00:00,92559.66,88310.6,92507.82638773619,92559.66,89534.647820136,95481.00495533638,4197.226387736184
2026-01-20 00:00:00+00:00,2026-01-21 00:00:00+00:00,88310.6,89363.71,88357.5484742112,88310.6,85384.36990661101,91330.72704181139,1006.1615257888043
2026-01-21 00:00:00+00:00,2026-01-22 00:00:00+00:00,89363.71,89463.5,89213.71473175772,89363.71,86240.53616415753,92186.89329935791,249.78526824228175
2026-01-22 00:00:00+00:00,2026-01-23 00:00:00+00:00,89463.5,89474.93,89434.78336466769,89463.5,86461.6047970675,92407.96193226788,40.14663533230487
2026-01-23 00:00:00+00:00,2026-01-24 00:00:00+00:00,89474.93,89082.17,89441.38255087308,89474.93,86468.20398327289,92414.56111847327,359.21255087308236
2026-01-24 00:00:00+00:00,2026-01-25 00:00:00+00:00,89082.17,86561.94,89020.84109545138,89082.17,86047.6625278512,91994.01966305157,2458.9010954513797
2026-01-25 00:00:00+00:00,2026-01-26 00:00:00+00:00,86561.94,88250.01,86587.68859777707,86561.94,83614.51003017688,89560.86716537726,1662.3214022229222
2026-01-26 00:00:00+00:00,2026-01-27 00:00:00+00:00,88250.01,89116.96,88255.68048230048,88250.01,85282.50191470029,91228.85904990067,861.2795176995278
2026-01-27 00:00:00+00:00,2026-01-28 00:00:00+00:00,89116.96,89162.4,89109.13931773267,89116.96,86135.96075013248,92082.31788533286,53.26068226732605
2026-01-28 00:00:00+00:00,2026-01-29 00:00:00+00:00,89162.4,84513.2,89242.41942901986,89162.4,86269.24086141968,92215.59799662005,4729.219429019868
2026-01-29 00:00:00+00:00,2026-01-30 00:00:00+00:00,84513.2,84110.99,84688.14632375502,84513.2,81714.96775615483,87661.32489135521,577.1563237550145
2026-01-30 00:00:00+00:00,2026-01-31 00:00:00+00:00,84110.99,78648.0,84074.83079383943,84110.99,81101.65222623924,87048.00936143962,5426.830793839428
2026-01-31 00:00:00+00:00,2026-02-01 00:00:00+00:00,78648.0,76895.53,78642.00762990209,78648.0,75668.8290623019,81615.18619750228,1746.4776299020887
2026-02-01 00:00:00+00:00,2026-02-02 00:00:00+00:00,76895.53,78666.85,77782.75560981757,76895.53,74809.57704221738,80755.93417741776,884.0943901824357
2026-02-02 00:00:00+00:00,2026-02-03 00:00:00+00:00,78666.85,75661.49,79234.6865986341,78666.85,76261.50803103391,82207.86516623429,3573.1965986340947
2026-02-03 00:00:00+00:00,2026-02-04 00:00:00+00:00,75661.49,72998.0,75125.1208247978,75661.49,72151.94225719762,78098.299392398,2127.1208247978066
2026-02-04 00:00:00+00:00,2026-02-05 00:00:00+00:00,72998.0,62791.0,73748.0478050209,72998.0,70774.86923742072,76721.2263726211,10957.047805020906
2026-02-05 00:00:00+00:00,2026-02-06 00:00:00+00:00,62791.0,70527.7,65612.20024397854,62791.0,62639.021676378354,68585.37881157873,4915.499756021454
2026-02-06 00:00:00+00:00,2026-02-07 00:00:00+00:00,70527.7,69244.74,69286.5558574989,70527.7,66313.37728989871,72259.73442509909,41.815857498892
2026-02-07 00:00:00+00:00,2026-02-08 00:00:00+00:00,69244.74,70279.33,70190.75389628083,69244.74,67217.57532868064,73163.93246388102,88.57610371916962
2026-02-08 00:00:00+00:00,2026-02-09 00:00:00+00:00,70279.33,70101.99,67197.91136627451,70279.33,64224.73279867432,70171.0899338747,2904.0786337254976
2026-02-09 00:00:00+00:00,2026-02-10 00:00:00+00:00,70101.99,68803.65,69868.3675578188,70101.99,66895.18899021861,72841.54612541899,1064.7175578188035
2026-02-10 00:00:00+00:00,2026-02-11 00:00:00+00:00,68803.65,67024.93,69170.9701443046,68803.65,66197.79157670442,72144.1487119048,2146.040144304614
2026-02-11 00:00:00+00:00,2026-02-12 00:00:00+00:00,67024.93,66208.0,67679.10047623735,67024.93,64705.92190863716,70652.27904383754,1471.1004762373486
2026-02-12 00:00:00+00:00,2026-02-13 00:00:00+00:00,66208.0,68812.0,66358.9323776122,66208.0,63385.753810012015,69332.1109452124,2453.0676223877963
2026-02-13 00:00:00+00:00,2026-02-14 00:00:00+00:00,68812.0,69786.96,68275.6974875235,68812.0,65302.518919923314,71248.87605512369,1511.2625124765036
2026-02-14 00:00:00+00:00,2026-02-15 00:00:00+00:00,69786.96,68792.0,69590.70062531478,69786.96,66617.5220577146,72563.87919291497,798.7006253147847
2026-02-15 00:00:00+00:00,2026-02-16 00:00:00+00:00,68792.0,68858.13,68685.3201071566,68792.0,65712.14153955641,71658.49867475679,172.80989284340467
2026-02-16 00:00:00+00:00,2026-02-17 00:00:00+00:00,68858.13,67466.7,68755.08036832829,68858.13,65781.9018007281,71728.25893592848,1288.3803683282895
2026-02-17 00:00:00+00:00,2026-02-18 00:00:00+00:00,67466.7,66419.79,67238.92325906099,67466.7,64265.7446914608,70212.10182666118,819.1332590609964
2026-02-18 00:00:00+00:00,2026-02-19 00:00:00+00:00,66419.79,66972.5,66265.23728912933,66419.79,63292.058721529145,69238.41585672952,707.2627108706656
2026-02-19 00:00:00+00:00,2026-02-20 00:00:00+00:00,66972.5,67984.42,67072.67540585672,66972.5,64099.49683825653,70045.8539734569,911.7445941432816
2026-02-20 00:00:00+00:00,2026-02-21 00:00:00+00:00,67984.42,67955.78,68130.54273027043,67984.42,65157.364162670245,71103.72129787062,174.762730270435
2026-02-21 00:00:00+00:00,2026-02-22 00:00:00+00:00,67955.78,67617.98,68133.42442970884,67955.78,65160.245862108655,71106.60299730903,515.4444297088485
2026-02-22 00:00:00+00:00,2026-02-23 00:00:00+00:00,67617.98,64625.78,67701.01424020129,67617.98,64727.8356726011,70674.19280780148,3075.2342402012873
2026-02-23 00:00:00+00:00,2026-02-24 00:00:00+00:00,64625.78,64068.33,64603.94582388381,64625.78,61630.76725628362,67577.124391484,535.6158238838107
2026-02-24 00:00:00+00:00,2026-02-25 00:00:00+00:00,64068.33,67992.68,64103.347949516006,64068.33,61130.16938191582,67076.5265171162,3889.3320504839867
2026-02-25 00:00:00+00:00,2026-02-26 00:00:00+00:00,67992.68,67490.51,68044.8659845589,67992.68,65071.68741695871,71018.04455215909,554.3559845589043
2026-02-26 00:00:00+00:00,2026-02-27 00:00:00+00:00,67490.51,65859.94,67532.73957261234,67490.51,64559.56100501215,70505.91814021253,1672.7995726123336
2026-02-27 00:00:00+00:00,2026-02-28 00:00:00+00:00,65859.94,66967.85,65928.27917525012,65859.94,62955.10060764993,68901.45774285031,1039.5708247498842
2026-02-28 00:00:00+00:00,2026-03-01 00:00:00+00:00,66967.85,65769.0,66822.82393844263,66967.85,63849.64537084244,69796.00250604282,1053.823938442627
2026-03-01 00:00:00+00:00,2026-03-02 00:00:00+00:00,65769.0,68832.01,65858.8314323998,65769.0,62885.65286479962,68832.01,2973.178567600189
2026-03-02 00:00:00+00:00,2026-03-03 00:00:00+00:00,68832.01,68335.99,68919.65402715662,68832.01,65946.47545955643,71892.83259475681,583.6640271566139
2026-03-03 00:00:00+00:00,2026-03-04 00:00:00+00:00,68335.99,72683.26,68329.86234588915,68335.99,65356.68377828896,71303.04091348934,4353.397654110842
2026-03-04 00:00:00+00:00,2026-03-05 00:00:00+00:00,72683.26,70887.6,72516.24201222503,72683.26,69543.06344462484,75489.42057982522,1628.6420122250274
2026-03-05 00:00:00+00:00,2026-03-06 00:00:00+00:00,70887.6,68108.24,70720.1087197346,70887.6,67746.93015213442,73693.2872873348,2611.8687197346007
2026-03-06 00:00:00+00:00,2026-03-07 00:00:00+00:00,68108.24,67259.62,68010.90780540367,68108.24,65037.729237803476,70984.08637300385,751.2878054036701
2026-03-07 00:00:00+00:00,2026-03-08 00:00:00+00:00,67259.62,65970.56,67048.6105182194,67259.62,64075.43195061921,70021.78908581959,1078.0505182194029
2026-03-08 00:00:00+00:00,2026-03-09 00:00:00+00:00,65970.56,68432.17,65859.19830095413,65970.56,62886.01973335394,68832.37686855432,2572.971699045869
2026-03-09 00:00:00+00:00,2026-03-10 00:00:00+00:00,68432.17,69960.83,68270.41432309599,68432.17,65297.2357554958,71243.59289069618,1690.4156769040128
2026-03-10 00:00:00+00:00,2026-03-11 00:00:00+00:00,69960.83,70208.0,69932.21110501277,69960.83,66959.03253741258,72905.38967261296,275.78889498722856
2026-03-11 00:00:00+00:00,2026-03-12 00:00:00+00:00,70208.0,70531.56,70071.52557511254,70208.0,67098.34700751235,73044.70414271273,460.0344248874608
2026-03-12 00:00:00+00:00,2026-03-13 00:00:00+00:00,70531.56,70944.33,70548.81142415956,70531.56,67575.63285655937,73521.98999175975,395.51857584044046
2026-03-13 00:00:00+00:00,2026-03-14 00:00:00+00:00,70944.33,71232.02,71008.6078737264,70944.33,68035.42930612621,73981.78644132659,223.41212627360073
2026-03-14 00:00:00+00:00,2026-03-15 00:00:00+00:00,71232.02,72830.01,71261.14649134442,71232.02,68287.96792374423,74234.32505894461,1568.8635086555732
2026-03-15 00:00:00+00:00,2026-03-16 00:00:00+00:00,72830.01,74886.47,72921.68090682916,72830.01,69948.50233922897,75894.85947442935,1964.789093170839
2026-03-16 00:00:00+00:00,2026-03-17 00:00:00+00:00,74886.47,73934.11,74833.29287445373,74886.47,71860.11430685355,77806.47144205392,899.1828744537343
2026-03-17 00:00:00+00:00,2026-03-18 00:00:00+00:00,73934.11,71245.02,73898.94036574876,73934.11,70925.76179814857,76872.11893334895,2653.9203657487524
2026-03-18 00:00:00+00:00,2026-03-19 00:00:00+00:00,71245.02,69918.3,71166.07306988422,71245.02,68192.89450228403,74139.25163748441,1247.7730698842206
2026-03-19 00:00:00+00:00,2026-03-20 00:00:00+00:00,69918.3,70497.01,69751.62897931092,69918.3,66778.45041171073,72724.8075469111,745.3810206890776
2026-03-20 00:00:00+00:00,2026-03-21 00:00:00+00:00,70497.01,68912.02,70432.41828251784,70497.01,67459.23971491765,73405.59685011803,1520.398282517839
2026-03-21 00:00:00+00:00,2026-03-22 00:00:00+00:00,68912.02,67844.94,68905.49740508173,68912.02,65932.31883748154,71878.67597268191,1060.5574050817231
2026-03-22 00:00:00+00:00,2026-03-23 00:00:00+00:00,67844.94,70874.23,67855.63825492533,67844.94,64882.45968732514,70828.81682252552,3018.591745074664
2026-03-23 00:00:00+00:00,2026-03-24 00:00:00+00:00,70874.23,70533.49,70873.92339531446,70874.23,67900.74482771427,73847.10196291465,340.43339531445235
2026-03-24 00:00:00+00:00,2026-03-25 00:00:00+00:00,70533.49,71301.53,70472.66162324378,70533.49,67499.48305564359,73445.84019084397,828.8683767562179
2026-03-25 00:00:00+00:00,2026-03-26 00:00:00+00:00,71301.53,68769.02,71316.66472195667,71301.53,68343.48615435648,74289.84328955685,2547.6447219566617
2026-03-26 00:00:00+00:00,2026-03-27 00:00:00+00:00,68769.02,66353.34,68726.2657968829,68769.02,65753.08722928271,71699.44436448309,2372.9257968829043
2026-03-27 00:00:00+00:00,2026-03-28 00:00:00+00:00,66353.34,66320.15,66347.48867782632,66353.34,63374.31011022613,69320.6672454265,27.338677826322964
2026-03-28 00:00:00+00:00,2026-03-29 00:00:00+00:00,66320.15,65956.94,66291.06196656333,66320.15,63317.88339896314,69264.24053416352,334.12196656332526
2026-03-29 00:00:00+00:00,2026-03-30 00:00:00+00:00,65956.94,66737.18,65961.49027965225,65956.94,62988.31171205206,68934.66884725244,775.689720347742
2026-03-30 00:00:00+00:00,2026-03-31 00:00:00+00:00,66737.18,68221.85,66644.65527533932,66737.18,63671.47670773913,69617.83384293951,1577.194724660687
2026-03-31 00:00:00+00:00,2026-04-01 00:00:00+00:00,68221.85,68112.35,68186.7848777543,68221.85,65213.60631015411,71159.96344535449,74.43487775429094
2026-04-01 00:00:00+00:00,2026-04-02 00:00:00+00:00,68112.35,66894.48,67973.1914651293,68112.35,65000.012897529115,70946.3700327295,1078.7114651293086
2026-04-02 00:00:00+00:00,2026-04-03 00:00:00+00:00,66894.48,66959.99,66895.70955263336,66894.48,63922.53098503317,69868.88812023355,64.28044736664742
2026-04-03 00:00:00+00:00,2026-04-04 00:00:00+00:00,66959.99,67291.73,66872.67454237604,66959.99,63899.495974775855,69845.85310997623,419.05545762395195
2026-04-04 00:00:00+00:00,2026-04-05 00:00:00+00:00,67291.73,69005.0,67254.21999285302,67291.73,64281.04142525283,70227.3985604532,1750.7800071469828
2026-04-05 00:00:00+00:00,2026-04-06 00:00:00+00:00,69005.0,68853.61,69029.51019018228,69005.0,66056.33162258209,72002.68875778247,175.90019018227758
2026-04-06 00:00:00+00:00,2026-04-07 00:00:00+00:00,68853.61,71910.2,68758.7900292042,68853.61,65785.61146160401,71731.96859680439,3151.409970795794
2026-04-07 00:00:00+00:00,2026-04-08 00:00:00+00:00,71910.2,71085.99,71879.27275832542,71910.2,68906.09419072523,74852.4513259256,793.2827583254111
2026-04-08 00:00:00+00:00,2026-04-09 00:00:00+00:00,71085.99,71798.01,71027.17590889228,71085.99,68053.9973412921,74000.35447649247,770.8340911077103
2026-04-09 00:00:00+00:00,2026-04-10 00:00:00+00:00,71798.01,72997.88,71751.18111863632,71798.01,68778.00255103613,74724.35968623651,1246.6988813636854
2026-04-10 00:00:00+00:00,2026-04-11 00:00:00+00:00,72997.88,73086.0,73113.16251107382,72997.88,70139.98394347364,76086.34107867401,27.162511073824135
2026-04-11 00:00:00+00:00,2026-04-12 00:00:00+00:00,73086.0,70755.35,73176.02573795711,73086.0,70202.84717035692,76149.2043055573,2420.6757379571063
2026-04-12 00:00:00+00:00,2026-04-13 00:00:00+00:00,70755.35,74446.0,70688.1589354585,70755.35,67714.98036785831,73661.33750305869,3757.841064541499
2026-04-13 00:00:00+00:00,2026-04-14 00:00:00+00:00,74446.0,74179.04,74473.50625003246,74446.0,71500.32768243227,77446.68481763265,294.466250032463
2026-04-14 00:00:00+00:00,2026-04-15 00:00:00+00:00,74179.04,74836.31,74196.266544013,74179.04,71223.0879764128,77169.44511161318,640.0434559870046
2026-04-15 00:00:00+00:00,2026-04-16 00:00:00+00:00,74836.31,75163.09,74798.84235361942,74836.31,71825.66378601923,77772.0209212196,364.2476463805797
2026-04-16 00:00:00+00:00,2026-04-17 00:00:00+00:00,75163.09,77098.01,75249.98509950454,75163.09,72276.80653190435,78223.16366710473,1848.024900495453
2026-04-17 00:00:00+00:00,2026-04-18 00:00:00+00:00,77098.01,75736.82,77302.11863843733,77098.01,74328.94007083714,80275.29720603752,1565.2986384373216
2026-04-18 00:00:00+00:00,2026-04-19 00:00:00+00:00,75736.82,73823.14,75718.60691216482,75736.82,72745.42834456463,78691.785479765,1895.4669121648185
2026-04-19 00:00:00+00:00,2026-04-20 00:00:00+00:00,73823.14,75864.86,73796.74056721399,73823.14,70823.5619996138,76769.91913481418,2068.119432786014
2026-04-20 00:00:00+00:00,2026-04-21 00:00:00+00:00,75864.86,76348.58,75816.58822474795,75864.86,72843.40965714776,78789.76679234813,531.991775252056
2026-04-21 00:00:00+00:00,2026-04-22 00:00:00+00:00,76348.58,78208.52,76403.3485072971,76348.58,73430.1699396969,79376.52707489728,1805.1714927029097
2026-04-22 00:00:00+00:00,2026-04-23 00:00:00+00:00,78208.52,78281.32,78194.52992301431,78208.52,75221.35135541412,81167.7084906145,86.7900769856933
2026-04-23 00:00:00+00:00,2026-04-24 00:00:00+00:00,78281.32,77461.8,78302.18858652367,78281.32,75329.01001892348,81275.36715412386,840.3885865236662
2026-04-24 00:00:00+00:00,2026-04-25 00:00:00+00:00,77461.8,77650.72,77451.3055073282,77461.8,74478.12693972801,80424.48407492839,199.41449267179996
2026-04-25 00:00:00+00:00,2026-04-26 00:00:00+00:00,77650.72,78673.83,77594.54691096622,77650.72,74621.36834336603,80567.72547856641,1079.283089033779
2026-04-26 00:00:00+00:00,2026-04-27 00:00:00+00:00,78673.83,77364.42,78897.02994404234,78673.83,75923.85137644215,81870.20851164253,1532.6099440423422
2026-04-27 00:00:00+00:00,2026-04-28 00:00:00+00:00,77364.42,76317.99,77333.93877075291,77364.42,74360.76020315272,80307.1173383531,1015.9487707529042
2026-04-28 00:00:00+00:00,2026-04-29 00:00:00+00:00,76317.99,75752.88,76276.45831424247,76317.99,73303.27974664228,79249.63688184266,523.5783142424625
2026-04-29 00:00:00+00:00,2026-04-30 00:00:00+00:00,75752.88,76305.78,75766.98929913594,75752.88,72793.81073153575,78740.16786673613,538.7907008640614
2026-04-30 00:00:00+00:00,2026-05-01 00:00:00+00:00,76305.78,78234.05,76290.57868533244,76305.78,73317.40011773225,79263.75725293263,1943.471314667564
2026-05-01 00:00:00+00:00,2026-05-02 00:00:00+00:00,78234.05,78682.31,78251.41954085021,78234.05,75278.24097325002,81224.5981084504,430.8904591497849
2026-05-02 00:00:00+00:00,2026-05-03 00:00:00+00:00,78682.31,78558.89,78684.96385697904,78682.31,75711.78528937885,81658.14242457923,126.07385697904101
2026-05-03 00:00:00+00:00,2026-05-04 00:00:00+00:00,78558.89,79852.37,78616.38043318257,78558.89,75643.20186558238,81589.55900078276,1235.9895668174286
2026-05-04 00:00:00+00:00,2026-05-05 00:00:00+00:00,79852.37,80907.72,79966.77493944857,79852.37,76993.59637184838,82939.95350704876,940.9450605514285
2026-05-05 00:00:00+00:00,2026-05-06 00:00:00+00:00,80907.72,81438.1,81046.73757324304,80907.72,78073.55900564285,84019.91614084323,391.3624267569685
2026-05-06 00:00:00+00:00,2026-05-07 00:00:00+00:00,81438.1,80005.38,81562.04696396198,81438.1,78588.8683963618,84535.22553156217,1556.6669639619795
2026-05-07 00:00:00+00:00,2026-05-08 00:00:00+00:00,80005.38,80188.82,80006.98419794632,80005.38,77033.80563034613,82980.16276554651,181.83580205368344
2026-05-08 00:00:00+00:00,2026-05-09 00:00:00+00:00,80188.82,80655.96,80120.25366978573,80188.82,77147.07510218554,83093.43223738592,535.7063302142778
2026-05-09 00:00:00+00:00,2026-05-10 00:00:00+00:00,80655.96,82199.99,80696.96578465932,80655.96,77723.78721705913,83670.14435225951,1503.024215340687
2026-05-10 00:00:00+00:00,2026-05-11 00:00:00+00:00,82199.99,81727.06,82305.45300696965,82199.99,79332.27443936946,85278.63157456984,578.3930069696507
2026-05-11 00:00:00+00:00,2026-05-12 00:00:00+00:00,81727.06,80484.72,81765.44524633899,81727.06,78792.2666787388,84738.62381393918,1280.7252463389887
2026-05-12 00:00:00+00:00,2026-05-13 00:00:00+00:00,80484.72,79288.26,80447.68366639563,80484.72,77474.50509879545,83420.86223399582,1159.4236663956399
2026-05-13 00:00:00+00:00,2026-05-14 00:00:00+00:00,79288.26,81079.39,79268.14209871736,79288.26,76294.96353111717,82241.32066631755,1811.247901282637
2026-05-14 00:00:00+00:00,2026-05-15 00:00:00+00:00,81079.39,79058.51,81079.38460527691,81079.39,78106.20603767672,84052.5631728771,2020.874605276913
2026-05-15 00:00:00+00:00,2026-05-16 00:00:00+00:00,79058.51,78105.45,78979.30798972335,79058.51,76006.12942212317,81952.48655732354,873.8579897233576
2026-05-16 00:00:00+00:00,2026-05-17 00:00:00+00:00,78105.45,77407.59,77948.35364172318,78105.45,74975.17507412299,80921.53220932337,540.7636417231843
2026-05-17 00:00:00+00:00,2026-05-18 00:00:00+00:00,77407.59,76943.98,77281.20813067279,77407.59,74308.0295630726,80254.38669827298,337.2281306727964
2026-05-18 00:00:00+00:00,2026-05-19 00:00:00+00:00,76943.98,76767.48,76811.25906849484,76943.98,73838.08050089465,79784.43763609503,43.77906849484134
2026-05-19 00:00:00+00:00,2026-05-20 00:00:00+00:00,76767.48,77475.99,76680.20538807687,76767.48,73707.02682047668,79653.38395567705,795.7846119231399
2026-05-20 00:00:00+00:00,2026-05-21 00:00:00+00:00,77475.99,77547.62,77438.4067466488,77475.99,74465.22817904862,80411.585314249,109.21325335119036
2026-05-21 00:00:00+00:00,2026-05-22 00:00:00+00:00,77547.62,75443.91,77491.925437687,77547.62,74518.7468700868,80465.10400528718,2048.0154376869905
2026-05-22 00:00:00+00:00,2026-05-23 00:00:00+00:00,75443.91,76650.0,75423.74460345425,75443.91,72450.56603585406,78396.92317105444,1226.2553965457482
2026-05-23 00:00:00+00:00,2026-05-24 00:00:00+00:00,76650.0,76975.99,76547.03470580422,76650.0,73573.85613820404,79520.21327340441,428.9552941957809
2026-05-24 00:00:00+00:00,2026-05-25 00:00:00+00:00,76975.99,77249.07,76938.25192639705,76975.99,73965.07335879686,79911.43049399724,310.8180736029608
2026-05-25 00:00:00+00:00,2026-05-26 00:00:00+00:00,77249.07,75826.1,77161.14698501345,77249.07,74187.96841741326,80134.32555261363,1335.0469850134396
2026-05-26 00:00:00+00:00,2026-05-27 00:00:00+00:00,75826.1,74315.98,75752.81766625357,75826.1,72779.63909865338,78725.99623385376,1436.8376662535738
2026-05-27 00:00:00+00:00,2026-05-28 00:00:00+00:00,74315.98,73512.56,74204.9693383873,74315.98,71231.7907707871,77178.14790598748,692.4093383872969
2026-05-28 00:00:00+00:00,2026-05-29 00:00:00+00:00,73512.56,73366.77,73421.25939544095,73512.56,70448.08082784076,76394.43796304114,54.48939544094901
2026-05-29 00:00:00+00:00,2026-05-30 00:00:00+00:00,73366.77,73770.69,73322.63096970505,73366.77,70349.45240210486,76295.80953730523,448.05903029495676
2026-05-30 00:00:00+00:00,2026-05-31 00:00:00+00:00,73770.69,73575.17,73690.56455948064,73770.69,70717.38599188045,76663.74312708083,115.39455948064278
2026-05-31 00:00:00+00:00,2026-06-01 00:00:00+00:00,73575.17,71314.42,73550.52251152178,73575.17,70577.34394392159,76523.70107912197,2236.102511521778
2026-06-01 00:00:00+00:00,2026-06-02 00:00:00+00:00,71314.42,66658.35,71351.01709867101,71314.42,68377.83853107083,74324.1956662712,4692.667098671009
2026-06-02 00:00:00+00:00,2026-06-03 00:00:00+00:00,66658.35,64040.0,66749.23584185794,66658.35,63776.05727425775,69722.41440945813,2709.235841857939
2026-06-03 00:00:00+00:00,2026-06-04 00:00:00+00:00,64040.0,63806.02,64607.548060277826,64040.0,61634.36949267764,67580.72662787802,801.5280602778294
2026-06-04 00:00:00+00:00,2026-06-05 00:00:00+00:00,63806.02,61032.0,64277.450714827835,63806.02,61304.272147227646,67250.62928242802,3245.4507148278353
2026-06-05 00:00:00+00:00,2026-06-06 00:00:00+00:00,61032.0,60850.48,60613.32469517344,61032.0,57640.14612757325,63586.50326277363,237.15530482656322
2026-06-06 00:00:00+00:00,2026-06-07 00:00:00+00:00,60850.48,63302.73,61267.171297830355,60850.48,58293.992730230166,64240.349865430544,2035.5587021696483
2026-06-07 00:00:00+00:00,2026-06-08 00:00:00+00:00,63302.73,63062.98,64071.2536637496,63302.73,61098.07509614941,67044.43223134978,1008.2736637495982
2026-06-08 00:00:00+00:00,2026-06-09 00:00:00+00:00,63062.98,61685.8,63704.80465144924,63062.98,60731.62608384905,66677.98321904943,2019.004651449235
2026-06-09 00:00:00+00:00,2026-06-10 00:00:00+00:00,61685.8,61449.46,62499.80011000456,61685.8,59526.62154240437,65472.97867760475,1050.3401100045594
2026-06-10 00:00:00+00:00,2026-06-11 00:00:00+00:00,61449.46,63563.42,62097.517791804705,61449.46,59124.339224204516,65070.696359404894,1465.9022081952935
2026-06-11 00:00:00+00:00,2026-06-12 00:00:00+00:00,63563.42,63538.43,63712.135423544045,63563.42,60738.956855943856,66685.31399114424,173.7054235440446
2026-06-12 00:00:00+00:00,2026-06-13 00:00:00+00:00,63538.43,64429.99,63857.895206555586,63538.43,60884.7166389554,66831.07377415578,572.0947934444121
2026-06-13 00:00:00+00:00,2026-06-14 00:00:00+00:00,64429.99,65706.62,64568.410519896664,64429.99,61595.231952296475,67541.58908749686,1138.2094801033309
2026-06-14 00:00:00+00:00,2026-06-15 00:00:00+00:00,65706.62,66276.8,65774.95416898132,65706.62,62801.77560138113,68748.13273658151,501.8458310186834
2026-06-15 00:00:00+00:00,2026-06-16 00:00:00+00:00,66276.8,65616.64,66289.00929547935,66276.8,63315.83072787916,69262.18786307954,672.3692954793514
2026-06-16 00:00:00+00:00,2026-06-17 00:00:00+00:00,65616.64,64446.04,65639.23683678039,65616.64,62666.0582691802,68612.41540438058,1193.1968367803856
2026-06-17 00:00:00+00:00,2026-06-18 00:00:00+00:00,64446.04,62879.01,64487.71736385084,64446.04,61514.53879625065,67460.89593145103,1608.7073638508373
2026-06-18 00:00:00+00:00,2026-06-19 00:00:00+00:00,62879.01,63475.2,62943.921706571,62879.01,59970.743138970814,65917.10027417119,531.2782934289935
2026-06-19 00:00:00+00:00,2026-06-20 00:00:00+00:00,63475.2,64222.99,63492.446705034694,63475.2,60519.268137434505,66465.62527263488,730.5432949653041
2026-06-20 00:00:00+00:00,2026-06-21 00:00:00+00:00,64222.99,63235.63,64397.33417525794,64222.99,61424.155607657754,67370.51274285813,1161.7041752579462
2026-06-21 00:00:00+00:00,2026-06-22 00:00:00+00:00,63235.63,63950.61,63264.745595442524,63235.63,60291.567027842335,66237.92416304271,685.8644045574765
2026-06-22 00:00:00+00:00,2026-06-23 00:00:00+00:00,63950.61,62644.86,63960.1846534657,63950.61,60987.00608586551,66933.3632210659,1315.324653465701
2026-06-23 00:00:00+00:00,2026-06-24 00:00:00+00:00,62644.86,60983.13,62678.738056265145,62644.86,59705.559488664956,65651.91662386534,1695.6080562651478
2026-06-24 00:00:00+00:00,2026-06-25 00:00:00+00:00,60983.13,59703.65,60915.798496983356,60983.13,57942.61992938317,63888.977064583545,1212.1484969833546
2026-06-25 00:00:00+00:00,2026-06-26 00:00:00+00:00,59703.65,60002.53,59733.70016193612,59703.65,56760.52159433593,62706.87872953631,268.82983806388074
2026-06-26 00:00:00+00:00,2026-06-27 00:00:00+00:00,60002.53,59934.84,60020.651178255306,60002.53,57047.47261065512,62993.829745855495,85.81117825530964
2026-06-27 00:00:00+00:00,2026-06-28 00:00:00+00:00,59934.84,59474.01,59982.15862693364,59934.84,57008.98005933345,62955.33719453383,508.1486269336383
2026-06-28 00:00:00+00:00,2026-06-29 00:00:00+00:00,59474.01,60162.73,59689.90509527929,59474.01,56716.7265276791,62663.08366287948,472.8249047207137
2026-06-29 00:00:00+00:00,2026-06-30 00:00:00+00:00,60162.73,58523.93,60129.03235154271,60162.73,57155.85378394252,63102.2109191429,1605.1023515427078
2026-06-30 00:00:00+00:00,2026-07-01 00:00:00+00:00,58523.93,59961.45,58541.89539844837,58523.93,55568.71683084818,61515.073966048556,1419.5546015516302
2026-07-01 00:00:00+00:00,2026-07-02 00:00:00+00:00,59961.45,61484.02,59924.828473548216,59961.45,56951.64990594803,62898.007041148405,1559.191526451781
2026-07-02 00:00:00+00:00,2026-07-03 00:00:00+00:00,61484.02,62520.22,61536.59523533994,61484.02,58563.41666773975,64509.77380294013,983.6247646600605
2026-07-03 00:00:00+00:00,2026-07-04 00:00:00+00:00,62520.22,63086.45,62530.061963020344,62520.22,59556.883395420155,65503.24053062053,556.3880369796534
2026-07-04 00:00:00+00:00,2026-07-05 00:00:00+00:00,63086.45,63580.44,63068.160145369584,63086.45,60094.981577769395,66041.33871296977,512.2798546304184
2026-07-05 00:00:00+00:00,2026-07-06 00:00:00+00:00,63580.44,64001.84,63586.89565502878,63580.44,60613.71708742859,66560.07422262896,414.94434497121983
2026-07-06 00:00:00+00:00,2026-07-07 00:00:00+00:00,64001.84,63323.27,63960.74728597191,64001.84,60987.568718371724,66933.9258535721,637.477285971916
2026-07-07 00:00:00+00:00,2026-07-08 00:00:00+00:00,63323.27,62237.7,63340.420116257206,63323.27,60367.24154865702,66313.59868385739,1102.7201162572092
2026-07-08 00:00:00+00:00,2026-07-09 00:00:00+00:00,62237.7,63175.25,62169.483262972695,62237.7,59196.304695372506,65142.661830572884,1005.7667370273048
2026-07-09 00:00:00+00:00,2026-07-10 00:00:00+00:00,63175.25,64128.49,63136.0400724842,63175.25,60162.86150488401,66109.21864008438,992.4499275158014
2026-07-10 00:00:00+00:00,2026-07-11 00:00:00+00:00,64128.49,63773.04,64136.81906540735,64128.49,61163.64049780716,67109.99763300753,363.77906540734693
2026-07-11 00:00:00+00:00,2026-07-12 00:00:00+00:00,63773.04,63740.32,63781.818783908566,63773.04,60808.64021630838,66754.99735150876,41.49878390856611
2026-07-12 00:00:00+00:00,2026-07-13 00:00:00+00:00,63740.32,62264.94,63756.82150709135,63740.32,60783.64293949116,66730.00007469155,1491.8815070913479
2026-07-13 00:00:00+00:00,2026-07-14 00:00:00+00:00,62264.94,64988.64,62194.118851553605,62264.94,59220.940283953416,65167.297419153794,2794.5211484463944
2026-07-14 00:00:00+00:00,2026-07-15 00:00:00+00:00,64988.64,64716.63,65122.691128912986,64988.64,62149.5125613128,68095.86969651317,406.06112891298835
2026-07-15 00:00:00+00:00,2026-07-16 00:00:00+00:00,64716.63,63770.6,64746.39596843442,64716.63,61773.21740083423,67719.5745360346,975.7959684344241
2026-07-16 00:00:00+00:00,2026-07-17 00:00:00+00:00,63770.6,63894.0,63735.78337251765,63770.6,60762.604804917464,66708.96194011785,158.21662748234667
2026-07-17 00:00:00+00:00,2026-07-18 00:00:00+00:00,63894.0,64796.36,63885.388558296836,63894.0,60912.20999069665,66858.56712589703,910.9714417031646
2026-07-18 00:00:00+00:00,2026-07-19 00:00:00+00:00,64796.36,64681.78,64799.08079719943,64796.36,61825.90222959924,67772.25936479963,117.30079719943024
2026-07-19 00:00:00+00:00,2026-07-20 00:00:00+00:00,64681.78,65213.05,64693.05347203129,64681.78,61719.874904431104,67666.23203963149,519.9965279687094
2026-07-20 00:00:00+00:00,2026-07-21 00:00:00+00:00,65213.05,66516.18,65248.27102251649,65213.05,62275.0924549163,68221.44959011668,1267.908977483501
2026-07-21 00:00:00+00:00,2026-07-22 00:00:00+00:00,66516.18,66086.61,66516.31667689148,66516.18,63543.13810929129,69489.49524449167,429.70667689148104
2026-07-22 00:00:00+00:00,2026-07-23 00:00:00+00:00,66086.61,65051.23,66126.84797090378,66086.61,63153.66940330359,69100.02653850397,1075.6179709037751
2026-07-23 00:00:00+00:00,2026-07-24 00:00:00+00:00,65051.23,64083.32,65054.43055570337,65051.23,62081.251988103184,68027.60912330355,971.1105557033734
2026-07-24 00:00:00+00:00,2026-07-25 00:00:00+00:00,64083.32,64295.61,64043.19346363103,64083.32,61070.01489603084,67016.37203123122,252.41653636896808
2026-07-25 00:00:00+00:00,2026-07-26 00:00:00+00:00,64295.61,65341.07,64233.454070005726,64295.61,61260.27550240554,67206.63263760592,1107.6159299942738
2026-07-26 00:00:00+00:00,2026-07-27 00:00:00+00:00,65341.07,63694.43,65362.40485030668,65341.07,62389.22628270649,68335.58341790686,1667.9748503066803
2026-07-27 00:00:00+00:00,2026-07-28 00:00:00+00:00,63694.43,63847.12,63652.682764787845,63694.43,60679.504197187656,66625.86133238804,194.43723521215725
2026-07-28 00:00:00+00:00,2026-07-29 00:00:00+00:00,63847.12,63896.14,63775.311987566376,63847.12,60802.13341996619,66748.49055516656,120.82801243362337
2026-07-29 00:00:00+00:00,2026-07-30 00:00:00+00:00,63896.14,64721.9,63844.82258372667,63896.14,60871.64401612648,66818.00115132687,877.0774162733287
2026-07-30 00:00:00+00:00,2026-07-31 00:00:00+00:00,64721.9,62825.9,64678.79697390516,64721.9,61705.61840630497,67651.97554150535,1852.8969739051608
2026-07-31 00:00:00+00:00,2026-08-01 00:00:00+00:00,62825.9,62764.2,62766.45095449372,62825.9,59793.27238689353,65739.6295220939,2.250954493720201
2026-08-01 00:00:00+00:00,2026-08-02 00:00:00+00:00,62764.2,63499.49,62707.42182246598,62764.2,59734.24325486579,65680.60039006616,792.0681775340199
2026-08-02 00:00:00+00:00,2026-08-03 00:00:00+00:00,63499.49,63466.51,63452.752038414576,63499.49,60479.57347081439,66425.93060601476,13.757961585426528
2026-08-03 00:00:00+00:00,2026-08-04 00:00:00+00:00,63466.51,64050.51,63421.28148869803,63466.51,60448.10292109784,66394.46005629821,629.2285113019752
2026-08-04 00:00:00+00:00,2026-08-05 00:00:00+00:00,64050.51,64603.03,64026.87584698846,64050.51,61053.697279388274,67000.05441458865,576.1541530115355
2026-08-05 00:00:00+00:00,2026-08-06 00:00:00+00:00,64603.03,64267.3,64573.86036743383,64603.03,61600.68179983364,67547.03893503401,306.5603674338272
2026-08-06 00:00:00+00:00,2026-08-07 00:00:00+00:00,64267.3,64891.61,64245.6578491989,64267.3,61272.47928159871,67218.83641679908,645.9521508011021
2026-08-07 00:00:00+00:00,2026-08-08 00:00:00+00:00,64891.61,64908.72,64932.40934547201,64891.61,61959.230777871824,67905.5879130722,23.689345472012064
2026-08-08 00:00:00+00:00,2026-08-09 00:00:00+00:00,64908.72,64848.69,64931.573119646026,64908.72,61958.39455204584,67904.75168724621,82.88311964602326
2026-08-09 00:00:00+00:00,2026-08-10 00:00:00+00:00,64848.69,63911.88,64843.259023616316,64848.69,61870.08045601613,67816.4375912165,931.3790236163186
2026-08-10 00:00:00+00:00,2026-08-11 00:00:00+00:00,63911.88,63531.75,63931.026283072504,63911.88,60957.847715472315,66904.20485067269,399.27628307250416
2026-08-11 00:00:00+00:00,2026-08-12 00:00:00+00:00,63531.75,63411.72,63497.48727555419,63531.75,60524.308707954,66470.66584315438,85.7672755541862
2026-08-12 00:00:00+00:00,2026-08-13 00:00:00+00:00,63411.72,63425.35,63362.3080857996,63411.72,60389.129518199414,66335.4866533998,63.041914200395695
2026-08-13 00:00:00+00:00,2026-08-14 00:00:00+00:00,63425.35,62975.19,63430.79590325641,63425.35,60457.61733565622,66403.9744708566,455.60590325640806
2026-08-14 00:00:00+00:00,2026-08-15 00:00:00+00:00,62975.19,63018.75,63013.18441110699,62975.19,60040.0058435068,65986.36297870718,5.565588893012318
2026-08-15 00:00:00+00:00,2026-08-16 00:00:00+00:00,63018.75,62836.66,62968.17115875619,63018.75,59994.992591156,65941.34972635638,131.51115875618416
2026-08-16 00:00:00+00:00,2026-08-17 00:00:00+00:00,62836.66,64484.18,62842.70287074573,62836.66,59869.52430314554,65815.88143834591,1641.4771292542719
2026-08-17 00:00:00+00:00,2026-08-18 00:00:00+00:00,64484.18,64681.33,64536.35447525385,64484.18,61563.17590765366,67509.53304285405,144.97552474615077
2026-08-18 00:00:00+00:00,2026-08-19 00:00:00+00:00,64681.33,69300.01,64743.37629096078,64681.33,61770.197723360594,67716.55485856096,4556.633709039212
2026-08-19 00:00:00+00:00,2026-08-20 00:00:00+00:00,69300.01,73011.87,70208.23891538676,69300.01,67235.06034778657,73181.41748298694,2803.63108461324
2026-08-20 00:00:00+00:00,2026-08-21 00:00:00+00:00,73011.87,78325.54,73758.71837916515,73011.87,70785.53981156496,76731.89694676534,4566.821620834846
2026-08-21 00:00:00+00:00,2026-08-22 00:00:00+00:00,78325.54,77054.44,78226.86926535616,78325.54,75253.69069775597,81200.04783295635,1172.429265356157
2026-08-22 00:00:00+00:00,2026-08-23 00:00:00+00:00,77054.44,77729.36,77434.37852317623,77054.44,74461.19995557604,80407.55709077642,294.9814768237702
2026-08-23 00:00:00+00:00,2026-08-24 00:00:00+00:00,77729.36,78981.59,78045.73920728208,77729.36,75072.56063968189,81018.91777488227,935.8507927179162
2026-08-24 00:00:00+00:00,2026-08-25 00:00:00+00:00,78981.59,78526.8,78970.39135546472,78981.59,75997.21278786453,81943.5699230649,443.59135546471225
2026-08-25 00:00:00+00:00,2026-08-26 00:00:00+00:00,78526.8,79026.18,79431.66954180002,78526.8,76458.49097419983,82404.8481094002,405.4895418000233
2026-08-26 00:00:00+00:00,2026-08-27 00:00:00+00:00,79026.18,80275.34,79417.70662512085,79026.18,76444.52805752066,82390.88519272103,857.6333748791512
2026-08-27 00:00:00+00:00,2026-08-28 00:00:00+00:00,80275.34,77839.19,80708.41865081439,80275.34,77735.2400832142,83681.59721841458,2869.228650814388
2026-08-28 00:00:00+00:00,2026-08-29 00:00:00+00:00,77839.19,78233.93,78060.99995626707,77839.19,75087.82138866688,81034.17852386726,172.93004373292206
2026-08-29 00:00:00+00:00,2026-08-30 00:00:00+00:00,78233.93,77665.14,78284.77846468044,78233.93,75311.59989708025,81257.95703228062,619.6384646804363
2026-08-30 00:00:00+00:00,2026-08-31 00:00:00+00:00,77665.14,78580.0,77840.89480166964,77665.14,74867.71623406945,80814.07336926983,739.1051983303623
